<?xml version="1.0" encoding="UTF-8"?>
<ExportObjectList version="1">
	<Object>
		<Name>Loan Application</Name>
		<ClassName>CmAcmSolutionFolder</ClassName>
		<Id>{50287573-0000-C91E-B04D-62129CDE5E71}</Id>
		<ObjectStoreId>{A8B16626-9C80-4643-B14D-EB6AC60657C3}</ObjectStoreId>
	</Object>
	<Object>
		<Name>Pages</Name>
		<ClassName>Folder</ClassName>
		<Id>{50287573-0100-C124-8B63-1F27774AE848}</Id>
		<ObjectStoreId>{A8B16626-9C80-4643-B14D-EB6AC60657C3}</ObjectStoreId>
	</Object>
	<Object>
		<Name>Views</Name>
		<ClassName>Folder</ClassName>
		<Id>{50ED7B73-0000-C312-B0C7-F4B4E89EAEDF}</Id>
		<ObjectStoreId>{A8B16626-9C80-4643-B14D-EB6AC60657C3}</ObjectStoreId>
	</Object>
	<Object>
		<Name>nls</Name>
		<ClassName>Folder</ClassName>
		<Id>{30847673-0000-CE17-8B51-9D37ECEB34E1}</Id>
		<ObjectStoreId>{A8B16626-9C80-4643-B14D-EB6AC60657C3}</ObjectStoreId>
	</Object>
	<Object>
		<Name>LA_LoanProcessingCaseType</Name>
		<ClassName>Folder</ClassName>
		<Id>{50ED7B73-0000-C829-9259-6DFE53CDB962}</Id>
		<ObjectStoreId>{A8B16626-9C80-4643-B14D-EB6AC60657C3}</ObjectStoreId>
	</Object>
	<Object>
		<Name>Configuration Workflow Definition</Name>
		<ClassName>WorkflowDefinition</ClassName>
		<Id>{C033D874-0000-C281-A23C-135B28587084}</Id>
		<ObjectStoreId>{A8B16626-9C80-4643-B14D-EB6AC60657C3}</ObjectStoreId>
	</Object>
	<Object>
		<Name>Admin Work</Name>
		<ClassName>CmAcmPage</ClassName>
		<Id>{9056DC76-0000-C71B-9908-FEA9306AE5E6}</Id>
		<ObjectStoreId>{A8B16626-9C80-4643-B14D-EB6AC60657C3}</ObjectStoreId>
	</Object>
	<Object>
		<Name>Resources.js</Name>
		<ClassName>Document</ClassName>
		<Id>{C038C678-1600-C58C-9A61-C0C6249D35D6}</Id>
		<ObjectStoreId>{A8B16626-9C80-4643-B14D-EB6AC60657C3}</ObjectStoreId>
	</Object>
	<Object>
		<Name>LA_Configuration</Name>
		<ClassName>DynamicReferentialContainmentRelationship</ClassName>
		<Id>{C033D874-0000-C72A-9496-8C93BA89C51C}</Id>
		<ObjectStoreId>{A8B16626-9C80-4643-B14D-EB6AC60657C3}</ObjectStoreId>
	</Object>
	<Object>
		<Name>Admin Work</Name>
		<ClassName>DynamicReferentialContainmentRelationship</ClassName>
		<Id>{9056DC76-0000-CF2D-B9C3-15A958EF289B}</Id>
		<ObjectStoreId>{A8B16626-9C80-4643-B14D-EB6AC60657C3}</ObjectStoreId>
	</Object>
	<Object>
		<Name>Resources.js</Name>
		<ClassName>DynamicReferentialContainmentRelationship</ClassName>
		<Id>{30847673-0000-C637-A231-786DFA79AF05}</Id>
		<ObjectStoreId>{A8B16626-9C80-4643-B14D-EB6AC60657C3}</ObjectStoreId>
	</Object>
	<Object>
		<Name>CmAcmCASES_DEFAULT_PAGE</Name>
		<ClassName>CmAcmPage</ClassName>
		<Id>{508E8677-0000-C61D-A677-4C1D29485775}</Id>
		<ObjectStoreId>{A8B16626-9C80-4643-B14D-EB6AC60657C3}</ObjectStoreId>
	</Object>
	<Object>
		<Name></Name>
		<ClassName>CmAcmDraftArea</ClassName>
		<Id>{C033D874-0000-C934-9C67-94BE43040C61}</Id>
		<ObjectStoreId>{A8B16626-9C80-4643-B14D-EB6AC60657C3}</ObjectStoreId>
	</Object>
	<Object>
		<Name>CmAcmCASES_DEFAULT_PAGE</Name>
		<ClassName>DynamicReferentialContainmentRelationship</ClassName>
		<Id>{50287573-0200-C1C9-A715-3136B7F30296}</Id>
		<ObjectStoreId>{A8B16626-9C80-4643-B14D-EB6AC60657C3}</ObjectStoreId>
	</Object>
	<Object>
		<Name>LA_Configuration_Draft</Name>
		<ClassName>ReferentialContainmentRelationship</ClassName>
		<Id>{C033D874-0000-C540-8F45-B65BB4D97DF8}</Id>
		<ObjectStoreId>{A8B16626-9C80-4643-B14D-EB6AC60657C3}</ObjectStoreId>
	</Object>
	<Object>
		<Name>CmAcmCASE_DEFAULT_PAGE</Name>
		<ClassName>CmAcmPage</ClassName>
		<Id>{40926C74-0000-CB4B-8D26-26AC09BDDEAC}</Id>
		<ObjectStoreId>{A8B16626-9C80-4643-B14D-EB6AC60657C3}</ObjectStoreId>
	</Object>
	<Object>
		<Name>CaseViewTest</Name>
		<ClassName>CmAcmView</ClassName>
		<Id>{70C02075-0000-CA19-8200-868C03D4CCC0}</Id>
		<ObjectStoreId>{A8B16626-9C80-4643-B14D-EB6AC60657C3}</ObjectStoreId>
	</Object>
	<Object>
		<Name>Loan Processing Case Type Workflow Definition</Name>
		<ClassName>WorkflowDefinition</ClassName>
		<Id>{C0B70275-0000-C243-BF37-A25C4FF40963}</Id>
		<ObjectStoreId>{A8B16626-9C80-4643-B14D-EB6AC60657C3}</ObjectStoreId>
	</Object>
	<Object>
		<Name>CmAcmCASE_DEFAULT_PAGE</Name>
		<ClassName>DynamicReferentialContainmentRelationship</ClassName>
		<Id>{50287573-0200-CE21-807D-B14FCDBB9498}</Id>
		<ObjectStoreId>{A8B16626-9C80-4643-B14D-EB6AC60657C3}</ObjectStoreId>
	</Object>
	<Object>
		<Name>CaseViewTest</Name>
		<ClassName>DynamicReferentialContainmentRelationship</ClassName>
		<Id>{70C02075-0000-CE2B-A6F0-AB40225705E8}</Id>
		<ObjectStoreId>{A8B16626-9C80-4643-B14D-EB6AC60657C3}</ObjectStoreId>
	</Object>
	<Object>
		<Name>LA_LoanProcessingCaseType</Name>
		<ClassName>DynamicReferentialContainmentRelationship</ClassName>
		<Id>{50287573-0000-CCF2-ADCF-7A71671125AB}</Id>
		<ObjectStoreId>{A8B16626-9C80-4643-B14D-EB6AC60657C3}</ObjectStoreId>
	</Object>
	<Object>
		<Name>CmAcmCASE_NEW_DEFAULT_PAGE</Name>
		<ClassName>CmAcmPage</ClassName>
		<Id>{50287573-0100-C896-9985-41BD37D4FA3B}</Id>
		<ObjectStoreId>{A8B16626-9C80-4643-B14D-EB6AC60657C3}</ObjectStoreId>
	</Object>
	<Object>
		<Name>Loan Application View</Name>
		<ClassName>CmAcmView</ClassName>
		<Id>{207B4D74-0100-C81B-AC1C-457537EFCD87}</Id>
		<ObjectStoreId>{A8B16626-9C80-4643-B14D-EB6AC60657C3}</ObjectStoreId>
	</Object>
	<Object>
		<Name></Name>
		<ClassName>CmAcmDraftArea</ClassName>
		<Id>{50287573-0100-C20C-AB4D-C039815DE83D}</Id>
		<ObjectStoreId>{A8B16626-9C80-4643-B14D-EB6AC60657C3}</ObjectStoreId>
	</Object>
	<Object>
		<Name>CmAcmCASE_NEW_DEFAULT_PAGE</Name>
		<ClassName>DynamicReferentialContainmentRelationship</ClassName>
		<Id>{50287573-0200-C77E-B6F5-67315226F561}</Id>
		<ObjectStoreId>{A8B16626-9C80-4643-B14D-EB6AC60657C3}</ObjectStoreId>
	</Object>
	<Object>
		<Name>Loan Application View</Name>
		<ClassName>DynamicReferentialContainmentRelationship</ClassName>
		<Id>{50ED7B73-0000-C143-B6BA-86BBCA5B1446}</Id>
		<ObjectStoreId>{A8B16626-9C80-4643-B14D-EB6AC60657C3}</ObjectStoreId>
	</Object>
	<Object>
		<Name>LA_LoanProcessingCaseType_Draft</Name>
		<ClassName>ReferentialContainmentRelationship</ClassName>
		<Id>{50287573-0100-CA1E-841D-B535C6BE479A}</Id>
		<ObjectStoreId>{A8B16626-9C80-4643-B14D-EB6AC60657C3}</ObjectStoreId>
	</Object>
	<Object>
		<Name>CmAcmCASE_NEW_PAGE</Name>
		<ClassName>CmAcmPage</ClassName>
		<Id>{50287573-0100-C77D-A6C3-1D6B12ADD403}</Id>
		<ObjectStoreId>{A8B16626-9C80-4643-B14D-EB6AC60657C3}</ObjectStoreId>
	</Object>
	<Object>
		<Name>PE Configuration</Name>
		<ClassName>Document</ClassName>
		<Id>{209D1178-0000-C626-BB81-CEDB3B2E5678}</Id>
		<ObjectStoreId>{A8B16626-9C80-4643-B14D-EB6AC60657C3}</ObjectStoreId>
	</Object>
	<Object>
		<Name>CmAcmCASE_NEW_PAGE</Name>
		<ClassName>DynamicReferentialContainmentRelationship</ClassName>
		<Id>{50287573-0200-C555-95A1-996289BD757B}</Id>
		<ObjectStoreId>{A8B16626-9C80-4643-B14D-EB6AC60657C3}</ObjectStoreId>
	</Object>
	<Object>
		<Name>PE Configuration</Name>
		<ClassName>DynamicReferentialContainmentRelationship</ClassName>
		<Id>{50287573-0000-CEC7-8701-869EF54FD28E}</Id>
		<ObjectStoreId>{A8B16626-9C80-4643-B14D-EB6AC60657C3}</ObjectStoreId>
	</Object>
	<Object>
		<Name>CmAcmCASE_PAGE</Name>
		<ClassName>CmAcmPage</ClassName>
		<Id>{50287573-0100-CF32-84C5-1F915C1B072C}</Id>
		<ObjectStoreId>{A8B16626-9C80-4643-B14D-EB6AC60657C3}</ObjectStoreId>
	</Object>
	<Object>
		<Name>Solution Definition</Name>
		<ClassName>Document</ClassName>
		<Id>{003FFA76-0000-CB29-B3E1-32C4333CF4D9}</Id>
		<ObjectStoreId>{A8B16626-9C80-4643-B14D-EB6AC60657C3}</ObjectStoreId>
	</Object>
	<Object>
		<Name>CmAcmCASE_PAGE</Name>
		<ClassName>DynamicReferentialContainmentRelationship</ClassName>
		<Id>{50287573-0200-C319-B8F8-5DC0C537E0C9}</Id>
		<ObjectStoreId>{A8B16626-9C80-4643-B14D-EB6AC60657C3}</ObjectStoreId>
	</Object>
	<Object>
		<Name>Solution Definition</Name>
		<ClassName>DynamicReferentialContainmentRelationship</ClassName>
		<Id>{50287573-0000-C7BD-86A8-CFD312D36B28}</Id>
		<ObjectStoreId>{A8B16626-9C80-4643-B14D-EB6AC60657C3}</ObjectStoreId>
	</Object>
	<Object>
		<Name>CmAcmCASE_SPLIT_DEFAULT_PAGE</Name>
		<ClassName>CmAcmPage</ClassName>
		<Id>{50287573-0100-C1AD-9A77-C4FA665BB80C}</Id>
		<ObjectStoreId>{A8B16626-9C80-4643-B14D-EB6AC60657C3}</ObjectStoreId>
	</Object>
	<Object>
		<Name>CmAcmCASE_SPLIT_DEFAULT_PAGE</Name>
		<ClassName>DynamicReferentialContainmentRelationship</ClassName>
		<Id>{50287573-0200-CB89-9608-E2A6862C7767}</Id>
		<ObjectStoreId>{A8B16626-9C80-4643-B14D-EB6AC60657C3}</ObjectStoreId>
	</Object>
	<Object>
		<Name></Name>
		<ClassName>CmAcmSolutionLockControl</ClassName>
		<Id>{50287573-0000-C356-9D7C-3A2A84B200B6}</Id>
		<ObjectStoreId>{A8B16626-9C80-4643-B14D-EB6AC60657C3}</ObjectStoreId>
	</Object>
	<Object>
		<Name>Solution Locks</Name>
		<ClassName>ReferentialContainmentRelationship</ClassName>
		<Id>{50287573-0000-C765-8B3B-F382E196440E}</Id>
		<ObjectStoreId>{A8B16626-9C80-4643-B14D-EB6AC60657C3}</ObjectStoreId>
	</Object>
	<Object>
		<Name>CmAcmPROCESS_DEFAULT_PAGE</Name>
		<ClassName>CmAcmPage</ClassName>
		<Id>{50287573-0100-C25F-9574-C482EF34F5D1}</Id>
		<ObjectStoreId>{A8B16626-9C80-4643-B14D-EB6AC60657C3}</ObjectStoreId>
	</Object>
	<Object>
		<Name>Solution Workflow Collection</Name>
		<ClassName>WorkflowDefinition</ClassName>
		<Id>{50287573-0100-CEA7-B4EB-8ED485843B3D}</Id>
		<ObjectStoreId>{A8B16626-9C80-4643-B14D-EB6AC60657C3}</ObjectStoreId>
	</Object>
	<Object>
		<Name>CmAcmPROCESS_DEFAULT_PAGE</Name>
		<ClassName>DynamicReferentialContainmentRelationship</ClassName>
		<Id>{50287573-0200-CC3A-B111-F0E4D742D4B9}</Id>
		<ObjectStoreId>{A8B16626-9C80-4643-B14D-EB6AC60657C3}</ObjectStoreId>
	</Object>
	<Object>
		<Name>Solution Workflow Collection</Name>
		<ClassName>DynamicReferentialContainmentRelationship</ClassName>
		<Id>{50287573-0000-CBD2-8BC5-85C9CB393776}</Id>
		<ObjectStoreId>{A8B16626-9C80-4643-B14D-EB6AC60657C3}</ObjectStoreId>
	</Object>
	<Object>
		<Name>CmAcmSTEP_ATTACHMENT_PAGE</Name>
		<ClassName>CmAcmPage</ClassName>
		<Id>{50287573-0200-C508-9258-F8414E6257D1}</Id>
		<ObjectStoreId>{A8B16626-9C80-4643-B14D-EB6AC60657C3}</ObjectStoreId>
	</Object>
	<Object>
		<Name></Name>
		<ClassName>CmAcmDraftArea</ClassName>
		<Id>{50287573-0000-C19B-991D-D1075A2758E8}</Id>
		<ObjectStoreId>{A8B16626-9C80-4643-B14D-EB6AC60657C3}</ObjectStoreId>
	</Object>
	<Object>
		<Name>CmAcmSTEP_ATTACHMENT_PAGE</Name>
		<ClassName>DynamicReferentialContainmentRelationship</ClassName>
		<Id>{50287573-0200-C9EC-BDAC-D6E264571A16}</Id>
		<ObjectStoreId>{A8B16626-9C80-4643-B14D-EB6AC60657C3}</ObjectStoreId>
	</Object>
	<Object>
		<Name>Solution Workflow Collection_Draft</Name>
		<ClassName>ReferentialContainmentRelationship</ClassName>
		<Id>{50287573-0000-C6A2-826D-1B2E29ABAEF0}</Id>
		<ObjectStoreId>{A8B16626-9C80-4643-B14D-EB6AC60657C3}</ObjectStoreId>
	</Object>
	<Object>
		<Name>CmAcmSTEP_DEFAULT_PAGE</Name>
		<ClassName>CmAcmPage</ClassName>
		<Id>{509C7F73-0000-C919-A893-37713223C4DB}</Id>
		<ObjectStoreId>{A8B16626-9C80-4643-B14D-EB6AC60657C3}</ObjectStoreId>
	</Object>
	<Object>
		<Name>CmAcmSTEP_DEFAULT_PAGE</Name>
		<ClassName>DynamicReferentialContainmentRelationship</ClassName>
		<Id>{50287573-0200-CA9E-A9D8-1BE7D36F5BFD}</Id>
		<ObjectStoreId>{A8B16626-9C80-4643-B14D-EB6AC60657C3}</ObjectStoreId>
	</Object>
	<Object>
		<Name>CmAcmSTEP_DYNAMIC_DEFAULT_PAGE</Name>
		<ClassName>CmAcmPage</ClassName>
		<Id>{50287573-0100-C58D-94AB-4CEC5E526199}</Id>
		<ObjectStoreId>{A8B16626-9C80-4643-B14D-EB6AC60657C3}</ObjectStoreId>
	</Object>
	<Object>
		<Name>CmAcmSTEP_DYNAMIC_DEFAULT_PAGE</Name>
		<ClassName>DynamicReferentialContainmentRelationship</ClassName>
		<Id>{50287573-0200-C564-9D48-2681AE04A1E0}</Id>
		<ObjectStoreId>{A8B16626-9C80-4643-B14D-EB6AC60657C3}</ObjectStoreId>
	</Object>
	<Object>
		<Name>CmAcmSTEP_LAUNCH_DEFAULT_PAGE</Name>
		<ClassName>CmAcmPage</ClassName>
		<Id>{50287573-0100-C5D0-9694-F669BF94FB18}</Id>
		<ObjectStoreId>{A8B16626-9C80-4643-B14D-EB6AC60657C3}</ObjectStoreId>
	</Object>
	<Object>
		<Name>CmAcmSTEP_LAUNCH_DEFAULT_PAGE</Name>
		<ClassName>DynamicReferentialContainmentRelationship</ClassName>
		<Id>{50287573-0200-C3BA-AABE-8BC7AC8FEDDE}</Id>
		<ObjectStoreId>{A8B16626-9C80-4643-B14D-EB6AC60657C3}</ObjectStoreId>
	</Object>
	<Object>
		<Name>CmAcmSTEP_LAUNCH_PAGE</Name>
		<ClassName>CmAcmPage</ClassName>
		<Id>{50287573-0100-C2F1-A6C3-017BD86644C3}</Id>
		<ObjectStoreId>{A8B16626-9C80-4643-B14D-EB6AC60657C3}</ObjectStoreId>
	</Object>
	<Object>
		<Name>CmAcmSTEP_LAUNCH_PAGE</Name>
		<ClassName>DynamicReferentialContainmentRelationship</ClassName>
		<Id>{50287573-0200-C9DA-A7C5-B50840786470}</Id>
		<ObjectStoreId>{A8B16626-9C80-4643-B14D-EB6AC60657C3}</ObjectStoreId>
	</Object>
	<Object>
		<Name>CmAcmSTEP_PAGE</Name>
		<ClassName>CmAcmPage</ClassName>
		<Id>{50287573-0100-CE6B-B59B-52F09E54D52F}</Id>
		<ObjectStoreId>{A8B16626-9C80-4643-B14D-EB6AC60657C3}</ObjectStoreId>
	</Object>
	<Object>
		<Name>CmAcmSTEP_PAGE</Name>
		<ClassName>DynamicReferentialContainmentRelationship</ClassName>
		<Id>{50287573-0200-C84A-A0A0-F19368581074}</Id>
		<ObjectStoreId>{A8B16626-9C80-4643-B14D-EB6AC60657C3}</ObjectStoreId>
	</Object>
	<Object>
		<Name>CmAcmWORK_DEFAULT_PAGE</Name>
		<ClassName>CmAcmPage</ClassName>
		<Id>{9057DC76-0000-C815-A808-26426120A404}</Id>
		<ObjectStoreId>{A8B16626-9C80-4643-B14D-EB6AC60657C3}</ObjectStoreId>
	</Object>
	<Object>
		<Name>CmAcmWORK_DEFAULT_PAGE</Name>
		<ClassName>DynamicReferentialContainmentRelationship</ClassName>
		<Id>{50287573-0200-C5AF-A2A5-F3A554D24225}</Id>
		<ObjectStoreId>{A8B16626-9C80-4643-B14D-EB6AC60657C3}</ObjectStoreId>
	</Object>
	<Object>
		<Name>Configuration Case Details</Name>
		<ClassName>CmAcmPage</ClassName>
		<Id>{5096D974-0000-C63C-8611-0E2CDD75D9A9}</Id>
		<ObjectStoreId>{A8B16626-9C80-4643-B14D-EB6AC60657C3}</ObjectStoreId>
	</Object>
	<Object>
		<Name>Configuration Case Details</Name>
		<ClassName>DynamicReferentialContainmentRelationship</ClassName>
		<Id>{8039D874-0000-CF20-B192-A74DE8DDC93A}</Id>
		<ObjectStoreId>{A8B16626-9C80-4643-B14D-EB6AC60657C3}</ObjectStoreId>
	</Object>
	<Object>
		<Name>Copy of Cases</Name>
		<ClassName>CmAcmPage</ClassName>
		<Id>{0045DE73-0000-C711-9859-96321ABA90D5}</Id>
		<ObjectStoreId>{A8B16626-9C80-4643-B14D-EB6AC60657C3}</ObjectStoreId>
	</Object>
	<Object>
		<Name>Copy of Cases</Name>
		<ClassName>DynamicReferentialContainmentRelationship</ClassName>
		<Id>{203EDE73-0000-C521-8367-D925CCD98493}</Id>
		<ObjectStoreId>{A8B16626-9C80-4643-B14D-EB6AC60657C3}</ObjectStoreId>
	</Object>
	<Object>
		<Name>Export CaseSearch</Name>
		<ClassName>CmAcmPage</ClassName>
		<Id>{A038C678-0600-C265-8FCB-8B30EF4EF2B1}</Id>
		<ObjectStoreId>{A8B16626-9C80-4643-B14D-EB6AC60657C3}</ObjectStoreId>
	</Object>
	<Object>
		<Name>Export CaseSearch</Name>
		<ClassName>DynamicReferentialContainmentRelationship</ClassName>
		<Id>{A09C1178-0000-C42B-9645-841BD2CAA963}</Id>
		<ObjectStoreId>{A8B16626-9C80-4643-B14D-EB6AC60657C3}</ObjectStoreId>
	</Object>
	<Object>
		<Name>OOTB Case Details</Name>
		<ClassName>CmAcmPage</ClassName>
		<Id>{70C32075-0000-C019-8984-61D224538C53}</Id>
		<ObjectStoreId>{A8B16626-9C80-4643-B14D-EB6AC60657C3}</ObjectStoreId>
	</Object>
	<Object>
		<Name>OOTB Case Details</Name>
		<ClassName>DynamicReferentialContainmentRelationship</ClassName>
		<Id>{60F4DD73-0000-CC29-8F1C-E6557341910A}</Id>
		<ObjectStoreId>{A8B16626-9C80-4643-B14D-EB6AC60657C3}</ObjectStoreId>
	</Object>
	<Object>
		<Name>Task Search</Name>
		<ClassName>CmAcmPage</ClassName>
		<Id>{00557774-0000-C189-B1E9-2795F8F23555}</Id>
		<ObjectStoreId>{A8B16626-9C80-4643-B14D-EB6AC60657C3}</ObjectStoreId>
	</Object>
	<Object>
		<Name>Task Search1</Name>
		<ClassName>DynamicReferentialContainmentRelationship</ClassName>
		<Id>{D03C7B73-0000-CE22-BAD3-762E5DCED1F3}</Id>
		<ObjectStoreId>{A8B16626-9C80-4643-B14D-EB6AC60657C3}</ObjectStoreId>
	</Object>
</ExportObjectList>
